"Name","Calls","TotalDurationNs","AverageNs","Percentage","MinNs","MaxNs","StdDev"
"fused_moe_kernel",42320,4829545961,114119.706073,25.38,13160,1953012,111836.753931
"elementwise_kernel_manual_unroll",633720,2370775863,3741.046303,12.46,1040,584163,6284.667856
"vectorized_elementwise_kernel",569558,1604202025,2816.573597,8.43,680,473843,4255.775678
"triton_red_fused__softmax__to_copy_add_bitwise_not_exp_gather_mul_ne_rms_norm_sub_view_5",23067,1264181417,54804.760784,6.64,6640,2934858,192215.696925
"Cijk_Alik_Bljk_BSS_BH_Bias_HA_S_SAV_UserArgs_MT16x32x256_MI16x16x1_SN_LDSB0_AFC1_AG0_AFEM1_AFEM1_ASEM1_CB0_CD1_1_CLR1_CADS0_DTLA0_DTLB0_DTLM0_DTVA0_DTVB1_DTVMXSA0_DTVMXSB0_DTVSM0_DPLB0_EPS0_ELFLR0_EMLLn1_FDSI0_GRPM1_GRVWA8_GRVWB8_GSUAMB_GLS0_HPLR0_ISA1201_ICIW0_IU1_K1_LDSTI0_LBSPPA512_LBSPPB0_LBSPPMXSA0_LBSPPMXSB0_LBSPPM0_LPA16_LPB0_LPMXSA0_LPMXSB0_LPM0_LRVW8_LWPMn1_MIAV1_MIWT1_1_MXLIBL_MXSFNS_MO40_MGRIPM1_NTn1_NTA0_NTB0_NTC0_NTD0_NTE0_NTMXSA0_NTMXSB0_NTM0_NTWS0_NVn1_NVA0_NVB0_NVC0_NVD0_NVE0_NVMXSA0_NVMXSB0_NVM0_NVWS0_NEPBS0_NLCA1_NLCB16_ONLL0_PGR2_PLR1_PKA0_SGROB0_SIA3_SS0_SPO0_SRVW0_SSO0_SVW8_SK0_SKFTR0_SKXCCM0_SIP1_SGRO0_TDMI0_TDMS0_TIN0_THn1_THA0_THB0_THC0_THD0_THE0_THMXSA0_THMXSB0_THM0_THWS0_TLDS1_TLDSM1_ULSGRO0_USL1_USLMX0_UIOFGRO0_UPLRP0_USFGROn1_USI0_VSn1_VWA1_VWB1_WSGRA0_WSGRB0_WS32_WG16_4_1",517,878047657,1698351.367505,4.61,1571130,2605576,65877.273005
"Cijk_Alik_Bljk_BBS_BH_Bias_HA_S_SAV_UserArgs_MT16x32x256_MI16x16x1_SN_LDSB0_AFC1_AG0_AFEM1_AFEM1_ASEM1_CB0_CD1_1_CLR1_CADS0_DTLA0_DTLB0_DTLM0_DTVA0_DTVB1_DTVMXSA0_DTVMXSB0_DTVSM0_DPLB0_EPS0_ELFLR0_EMLLn1_FDSI0_GRPM1_GRVWA8_GRVWB8_GSUAMB_GLS0_HPLR0_ISA1201_ICIW0_IU1_K1_LDSTI0_LBSPPA512_LBSPPB0_LBSPPMXSA0_LBSPPMXSB0_LBSPPM0_LPA16_LPB0_LPMXSA0_LPMXSB0_LPM0_LRVW8_LWPMn1_MIAV1_MIWT1_1_MXLIBL_MXSFNS_MO40_MGRIPM1_NTn1_NTA0_NTB0_NTC0_NTD0_NTE0_NTMXSA0_NTMXSB0_NTM0_NTWS0_NVn1_NVA0_NVB0_NVC0_NVD0_NVE0_NVMXSA0_NVMXSB0_NVM0_NVWS0_NEPBS0_NLCA1_NLCB16_ONLL0_PGR2_PLR1_PKA0_SGROB0_SIA3_SS0_SPO0_SRVW0_SSO0_SVW8_SK0_SKFTR0_SKXCCM0_SIP1_SGRO0_TDMI0_TDMS0_TIN0_THn1_THA0_THB0_THC0_THD0_THE0_THMXSA0_THMXSB0_THM0_THWS0_TLDS1_TLDSM1_ULSGRO0_USL1_USLMX0_UIOFGRO0_UPLRP0_USFGROn1_USI0_VSn1_VWA1_VWB1_WSGRA0_WSGRB0_WS32_WG16_4_1",280,812868781,2903102.789286,4.27,63001,16837622,4928603.907159
"reduce_kernel",106723,701015465,6568.550968,3.68,1760,317762,5844.313511
"Cijk_Alik_Bljk_BBS_BH_Bias_HA_S_SAV_UserArgs_MT16x16x32_MI16x16x1_SN_LDSB0_AFC1_AG0_AFEM1_AFEM1_ASEM1_CB0_CD1_1_CLR1_CADS0_DTLA0_DTLB0_DTLM0_DTVA0_DTVB0_DTVMXSA0_DTVMXSB0_DTVSM0_DPLB0_EPS0_ELFLR0_EMLLn1_FDSI0_GRPM1_GRVWA8_GRVWB8_GSUAMB_GLS0_HPLR0_ISA1201_ICIW0_IU1_K1_LDSTI0_LBSPPA128_LBSPPB128_LBSPPMXSA0_LBSPPMXSB0_LBSPPM0_LPA16_LPB16_LPMXSA0_LPMXSB0_LPM0_LRVW8_LWPMn1_MIAV1_MIWT1_1_MXLIBL_MXSFNS_MO40_MGRIPM1_NTn1_NTA0_NTB0_NTC0_NTD0_NTE0_NTMXSA0_NTMXSB0_NTM0_NTWS0_NVn1_NVA0_NVB0_NVC0_NVD0_NVE0_NVMXSA0_NVMXSB0_NVM0_NVWS0_NEPBS0_NLCA1_NLCB1_ONLL1_PGR2_PLR1_PKA0_SGROB0_SIA1_SS0_SPO0_SRVW0_SSO0_SVW8_SK0_SKFTR0_SKXCCM0_SIP1_SGRO0_TDMI0_TDMS0_TIN0_THn1_THA0_THB0_THC0_THD0_THE0_THMXSA0_THMXSB0_THM0_THWS0_TLDS1_TLDSM1_ULSGRO0_USL1_USLMX0_UIOFGRO0_UPLRP0_USFGROn1_USI0_VSn1_VWA1_VWB1_WSGRA0_WSGRB0_WS32_WG16_2_1",41400,643600067,15545.895338,3.38,12080,79240,1859.133067
"Cijk_Alik_Bljk_BBS_BH_Bias_HA_S_SAV_UserArgs_MT128x128x32_MI16x16x1_SN_LDSB0_AFC1_AG0_AFEM1_AFEM1_ASEM1_CB0_CD1_1_CLR0_CADS0_DTLA0_DTLB0_DTLM0_DTVA0_DTVB1_DTVMXSA0_DTVMXSB0_DTVSM0_DPLB0_EPS0_ELFLR0_EMLLn1_FDSI0_GRPM1_GRVWA4_GRVWB8_GSUAMB_GLS0_HPLR0_ISA1201_ICIW0_IU1_K1_LDSTI0_LBSPPA256_LBSPPB0_LBSPPMXSA0_LBSPPMXSB0_LBSPPM0_LPA16_LPB0_LPMXSA0_LPMXSB0_LPM0_LRVW8_LWPMn1_MIAV1_MIWT4_4_MXLIBL_MXSFNS_MO40_MGRIPM1_NTn1_NTA0_NTB0_NTC0_NTD0_NTE0_NTMXSA0_NTMXSB0_NTM0_NTWS0_NVn1_NVA0_NVB0_NVC0_NVD0_NVE0_NVMXSA0_NVMXSB0_NVM0_NVWS0_NEPBS0_NLCA1_NLCB2_ONLL1_PGR2_PLR1_PKA0_SGROB0_SIA3_SS1_SPO0_SRVW0_SSO0_SVW4_SK0_SKFTR0_SKXCCM0_SIP1_SGRO0_TDMI0_TDMS0_TIN0_THn1_THA0_THB0_THC0_THD0_THE0_THMXSA0_THMXSB0_THM0_THWS0_TLDS2_TLDSM1_ULSGRO0_USL1_USLMX0_UIOFGRO0_UPLRP0_USFGROn1_USI0_VSn1_VWA4_VWB1_WSGRA0_WSGRB0_WS32_WG32_4_1",21000,609297793,29014.180619,3.20,19600,407003,9329.654971
"Cijk_Alik_Bljk_BBS_BH_Bias_HA_S_SAV_UserArgs_MT16x16x32_MI16x16x1_SN_LDSB0_AFC1_AG0_AFEM1_AFEM1_ASEM1_CB0_CD1_1_CLR0_CADS0_DTLA0_DTLB0_DTLM0_DTVA0_DTVB1_DTVMXSA0_DTVMXSB0_DTVSM0_DPLB0_EPS0_ELFLR0_EMLLn1_FDSI0_GRPM1_GRVWA8_GRVWB8_GSUAMB_GLS0_HPLR0_ISA1201_ICIW0_IU1_K1_LDSTI0_LBSPPA128_LBSPPB0_LBSPPMXSA0_LBSPPMXSB0_LBSPPM0_LPA16_LPB0_LPMXSA0_LPMXSB0_LPM0_LRVW8_LWPMn1_MIAV1_MIWT1_1_MXLIBL_MXSFNS_MO40_MGRIPM1_NTn1_NTA0_NTB0_NTC0_NTD0_NTE0_NTMXSA0_NTMXSB0_NTM0_NTWS0_NVn1_NVA0_NVB0_NVC0_NVD0_NVE0_NVMXSA0_NVMXSB0_NVM0_NVWS0_NEPBS0_NLCA1_NLCB2_ONLL1_PGR2_PLR1_PKA0_SGROB0_SIA3_SS0_SPO0_SRVW0_SSO0_SVW8_SK0_SKFTR0_SKXCCM0_SIP1_SGRO0_TDMI0_TDMS0_TIN0_THn1_THA0_THB0_THC0_THD0_THE0_THMXSA0_THMXSB0_THM0_THWS0_TLDS2_TLDSM1_ULSGRO0_USL1_USLMX0_UIOFGRO0_UPLRP0_USFGROn1_USI0_VSn1_VWA1_VWB1_WSGRA0_WSGRB0_WS32_WG16_2_1",41320,596996318,14448.119990,3.14,4480,109681,2342.770753
"__amd_rocclr_copyBuffer",77450,578397519,7468.011866,3.04,840,529483,31245.367877
"Cijk_Alik_Bljk_BBS_BH_Bias_HA_S_SAV_UserArgs_MT16x16x32_MI16x16x1_SN_LDSB1_AFC1_AG0_AFEM1_AFEM1_ASEM1_CB0_CD1_1_CLR0_CADS0_DTLA0_DTLB0_DTLM0_DTVA0_DTVB1_DTVMXSA0_DTVMXSB0_DTVSM0_DPLB0_EPS0_ELFLR0_EMLLn1_FDSI0_GRPM1_GRVWA8_GRVWB8_GSUAMB_GLS0_HPLR0_ISA1201_ICIW0_IU1_K1_LDSTI0_LBSPPA128_LBSPPB0_LBSPPMXSA0_LBSPPMXSB0_LBSPPM0_LPA16_LPB0_LPMXSA0_LPMXSB0_LPM0_LRVW8_LWPMn1_MIAV1_MIWT1_1_MXLIBL_MXSFNS_MO40_MGRIPM1_NTn1_NTA0_NTB0_NTC0_NTD0_NTE0_NTMXSA0_NTMXSB0_NTM0_NTWS0_NVn1_NVA0_NVB0_NVC0_NVD0_NVE0_NVMXSA0_NVMXSB0_NVM0_NVWS0_NEPBS0_NLCA1_NLCB2_ONLL1_PGR1_PLR1_PKA0_SGROB0_SIA3_SS0_SPO0_SRVW0_SSO0_SVW8_SK0_SKFTR0_SKXCCM0_SIP1_SGRO0_TDMI0_TDMS0_TIN0_THn1_THA0_THB0_THC0_THD0_THE0_THMXSA0_THMXSB0_THM0_THWS0_TLDS1_TLDSM1_ULSGRO0_USL1_USLMX0_UIOFGRO0_UPLRP0_USFGROn1_USI0_VSn1_VWA1_VWB1_WSGRA0_WSGRB0_WS32_WG16_2_1",41080,558142159,13586.712731,2.93,4240,155961,5699.123294
"Cijk_Alik_Bljk_BBS_BH_Bias_HA_S_SAV_UserArgs_MT16x16x32_MI16x16x1_SN_LDSB0_AFC1_AG0_AFEM1_AFEM1_ASEM1_CB0_CD1_1_CLR0_CADS0_DTLA0_DTLB0_DTLM0_DTVA0_DTVB0_DTVMXSA0_DTVMXSB0_DTVSM0_DPLB0_EPS0_ELFLR0_EMLLn1_FDSI0_GRPM1_GRVWA8_GRVWB8_GSUAMB_GLS0_HPLR0_ISA1201_ICIW0_IU1_K1_LDSTI0_LBSPPA128_LBSPPB128_LBSPPMXSA0_LBSPPMXSB0_LBSPPM0_LPA16_LPB16_LPMXSA0_LPMXSB0_LPM0_LRVW8_LWPMn1_MIAV1_MIWT1_1_MXLIBL_MXSFNS_MO40_MGRIPM1_NTn1_NTA0_NTB0_NTC0_NTD0_NTE0_NTMXSA0_NTMXSB0_NTM0_NTWS0_NVn1_NVA0_NVB0_NVC0_NVD0_NVE0_NVMXSA0_NVMXSB0_NVM0_NVWS0_NEPBS0_NLCA1_NLCB1_ONLL1_PGR2_PLR1_PKA0_SGROB0_SIA1_SS0_SPO0_SRVW0_SSO0_SVW8_SK0_SKFTR0_SKXCCM0_SIP1_SGRO0_TDMI0_TDMS0_TIN0_THn1_THA0_THB0_THC0_THD0_THE0_THMXSA0_THMXSB0_THM0_THWS0_TLDS2_TLDSM1_ULSGRO0_USL1_USLMX0_UIOFGRO0_UPLRP0_USFGROn1_USI0_VSn1_VWA1_VWB1_WSGRA0_WSGRB0_WS32_WG16_2_1",41440,384272558,9272.986438,2.02,3720,203601,3773.411438
"roll_cuda_kernel",20720,379224496,18302.340541,1.99,10440,7609328,53060.860076
"kernel_paged_attention_2d",20800,345113813,16592.010240,1.81,1240,207122,8134.433139
"CatArrayBatchedCopy_contig",63601,271317632,4265.933429,1.43,960,152761,3591.782194
"naive_conv_ab_nonpacked_fwd_nchw_ushort_double_ushort_0",880,269040841,305728.228409,1.41,7560,28194092,2477175.660343
"Cijk_Alik_Bljk_BBS_BH_Bias_HA_S_SAV_UserArgs_MT16x16x32_MI16x16x1_SN_LDSB0_AFC1_AG0_AFEM1_AFEM1_ASEM1_CB0_CD1_1_CLR0_CADS0_DTLA0_DTLB0_DTLM0_DTVA0_DTVB0_DTVMXSA0_DTVMXSB0_DTVSM0_DPLB0_EPS0_ELFLR0_EMLLn1_FDSI0_GRPM1_GRVWA8_GRVWB8_GSUAMB_GLS0_HPLR0_ISA1201_ICIW0_IU1_K1_LDSTI0_LBSPPA128_LBSPPB128_LBSPPMXSA0_LBSPPMXSB0_LBSPPM0_LPA16_LPB16_LPMXSA0_LPMXSB0_LPM0_LRVW8_LWPMn1_MIAV1_MIWT1_1_MXLIBL_MXSFNS_MO40_MGRIPM1_NTn1_NTA0_NTB0_NTC0_NTD0_NTE0_NTMXSA0_NTMXSB0_NTM0_NTWS0_NVn1_NVA0_NVB0_NVC0_NVD0_NVE0_NVMXSA0_NVMXSB0_NVM0_NVWS0_NEPBS0_NLCA1_NLCB1_ONLL1_PGR2_PLR1_PKA0_SGROB0_SIA3_SS0_SPO0_SRVW0_SSO0_SVW8_SK0_SKFTR0_SKXCCM0_SIP1_SGRO0_TDMI0_TDMS0_TIN0_THn1_THA0_THB0_THC0_THD0_THE0_THMXSA0_THMXSB0_THM0_THWS0_TLDS2_TLDSM1_ULSGRO0_USL1_USLMX0_UIOFGRO0_UPLRP0_USFGROn1_USI0_VSn1_VWA1_VWB1_WSGRA0_WSGRB0_WS32_WG16_2_1",20720,218422976,10541.649421,1.15,5080,204161,3202.211772
"gatherTopK",21160,195408048,9234.784877,1.03,3800,79001,3966.506836
"dynamic_per_token_scaled_fp8_quant_kernel_strided",42320,161579172,3818.033365,0.8490,1560,98641,4619.637227
"index_elementwise_kernel",42882,152312420,3551.896367,0.8003,2400,22160,2156.885351
"moe_align_block_size_small_batch_expert_kernel",20760,141234720,6803.213873,0.7421,3160,15281,3800.039845
"reshape_and_cache_kernel_flash",21400,134481602,6284.187009,0.7066,1120,20400,4800.377098
"triton_poi_fused_0",23599,111131115,4709.145091,0.5839,840,745524,9946.780075
"triton_",4355,97842791,22466.771757,0.5141,5080,857965,36840.479755
"triton_poi_fused_gelu_2",44443,93600065,2106.069910,0.4918,1360,221682,2498.384338
"vectorized_gather_kernel",41854,71588640,1710.437234,0.3762,1280,15881,972.795029
"triton_red_fused__to_copy_add_mul_rms_norm_view_0",21163,68417708,3232.892690,0.3595,2000,1048886,17848.935193
"triton_per_fused__softmax__to_copy_add_exp_prepare_softmax_online_sub_3",23707,63864857,2693.924031,0.3356,1400,23000,2537.350873
"triton_per_fused_add_mul_rms_norm_1",20633,45474179,2203.953812,0.2389,1480,25560,1089.808998
"_ZN4vllm18act_and_mul_kernelIN3c108BFloat16E15__hip_bfloat162TnPFT_RKS4_EXadL_ZNS_11silu_kernelIS2_EES4_S6_EETnPFT0_RKSA_EXadL_ZNS_18packed_silu_kernelIS3_EES4_S6_EELb1ELb1ELb0ELb0EEEvPS4_PS5_if",21160,39839539,1882.775945,0.2093,1200,233361,5747.177379
"triton_poi_fused__softmax__to_copy_cat_clamp_exp_gather_moe_forward_sub_4",22859,39296572,1719.085349,0.2065,1280,16640,700.911295
"triton_poi_fused_zeros_6",22223,38377280,1726.917158,0.2017,640,15600,2721.401949
"distribution_elementwise_grid_stride_kernel",812,37606511,46313.437192,0.1976,1600,6206036,293145.315937
"cunn_SoftMaxForwardGmem",519,34707564,66873.919075,0.1824,51681,95761,2243.070175
"Cijk_Ailk_Bljk_BBS_BH_Bias_HA_S_SAV_UserArgs_MT64x64x32_MI16x16x1_SN_LDSB0_AFC1_AG0_AFEM1_AFEM1_ASEM1_CB0_CD1_1_CLR1_CADS0_DTLA0_DTLB0_DTLM0_DTVA1_DTVB0_DTVMXSA0_DTVMXSB0_DTVSM0_DPLB0_EPS0_ELFLR0_EMLLn1_FDSI0_GRPM1_GRVWA8_GRVWB8_GSUAMB_GLS0_HPLR0_ISA1201_ICIW0_IU1_K1_LDSTI0_LBSPPA0_LBSPPB128_LBSPPMXSA0_LBSPPMXSB0_LBSPPM0_LPA0_LPB16_LPMXSA0_LPMXSB0_LPM0_LRVW8_LWPMn1_MIAV1_MIWT2_2_MXLIBL_MXSFNS_MO40_MGRIPM1_NTn1_NTA0_NTB0_NTC0_NTD0_NTE0_NTMXSA0_NTMXSB0_NTM0_NTWS0_NVn1_NVA0_NVB0_NVC0_NVD0_NVE0_NVMXSA0_NVMXSB0_NVM0_NVWS0_NEPBS0_NLCA2_NLCB1_ONLL0_PGR2_PLR1_PKA0_SGROB0_SIA3_SS0_SPO0_SRVW0_SSO0_SVW8_SK0_SKFTR0_SKXCCM0_SIP1_SGRO0_TDMI0_TDMS0_TIN0_THn1_THA0_THB0_THC0_THD0_THE0_THMXSA0_THMXSB0_THM0_THWS0_TLDS1_TLDSMn1_ULSGRO0_USL1_USLMX0_UIOFGRO0_UPLRP0_USFGROn1_USI0_VSn1_VWA1_VWB2_WSGRA0_WSGRB0_WS32_WG32_4_1",40,29499701,737492.525000,0.1550,37760,3626662,1373147.989626
"Im2d2Col_v2",800,26783647,33479.558750,0.1407,2560,1533409,182285.735937
"wvSplitK_hf_sml_",3720,24711556,6642.891398,0.1298,1240,243842,9096.591330
"_ZN2ck16tensor_operation6device12_GLOBAL__N_149kernel_grouped_conv_fwd_multiple_abd_xdl_cshuffleINS_34GridwiseGemmMultipleD_xdl_cshuffleIDF16bDF16bDF16bfDF16bNS_5TupleIJEEEDF16bNS0_12element_wise11PassThroughES8_S8_Li1ELi64ELi64ELi16ELi16ELi4ELi4ELi16ELi16ELi2ELi1ENS_8SequenceIJLi4ELi16ELi1EEEENS9_IJLi0ELi2ELi1EEEESB_Li1ELi4ELi4ELb0ELi1ESA_NS9_IJLi1ELi0ELi2EEEESC_Li2ELi1ELi4ELb0ELi1ELi1ELi1ENS9_IJLi1ELi16ELi1ELi4EEEELi1ELNS_13LoopSchedulerE0ELNS_15PipelineVersionE0EDF16bLb0EEEPKDF16bSI_S6_DF16bS8_S8_S8_NS_16TensorDescriptorINS5_IJNS_5EmbedINS5_IJiiiiiEEESL_Lb0EEENS_11PassThroughIiEENS_3PadIiiiLb0EEESQ_SO_SO_SO_NSK_INS5_IJiiEEESR_Lb0EEESS_SO_SO_NS_23Merge_v2_magic_divisionINS5_IJiiiiEEEEENST_INS5_IJiiiEEEEENS_8RightPadIiiLb0EEESZ_NS_7UnMergeINS5_IJiNS_17integral_constantIiLi4EEEEEELb0EEESO_EEENS5_IJNS9_IJLi0EEEENS9_IJLi1EEEENS9_IJLi2EEEENS9_IJLi3EEEENS9_IJLi4EEEENS9_IJLi5EEEENS9_IJLi6EEEENS9_IJLi7EEEENS9_IJLi8EEEENS9_IJLi9EEEENS9_IJLi10EEEENS9_IJLi11ELi13ELi15ELi16EEEENS9_IJLi12ELi14ELi17EEEENS9_IJLi18EEEENS9_IJLi19EEEENS9_IJLi21EEEENS9_IJLi20EEEEEEENS5_IJNS9_IJLi1ELi2ELi3ELi4ELi5EEEES1C_S1D_S1E_S1F_S1G_NS9_IJLi11EEEENS9_IJLi12ELi13EEEENS9_IJLi14ELi15EEEENS9_IJLi16EEEENS9_IJLi17EEEES1J_S1K_S1M_S1L_NS9_IJLi22ELi23EEEENS9_IJLi24EEEEEEENS9_IJLi22ELi24ELi23EEEElEENSJ_INS5_IJNSK_ISW_SW_Lb0EEENST_ISR_EESO_SZ_SZ_S14_SO_EEENS5_IJS16_NS9_IJLi1ELi2EEEES19_S1A_S1B_S1D_S1C_EEENS5_IJNS9_IJLi1ELi2ELi3EEEES1A_S1B_S1C_S1D_NS9_IJLi8ELi9EEEES1G_EEENS9_IJLi8ELi10ELi9EEEElEES6_NSJ_INS5_IJNSK_INS5_IJiiiiiiEEES29_Lb0EEESX_SO_SQ_SO_SO_NS_3XorISR_Lb0EEESO_S20_S20_SZ_SZ_NS10_INS5_IJiNS11_IiLi64EEEEEELb0EEENS10_INS5_IJiNS11_IiLi16EEEEEELb0EEEEEENS5_IJS16_S24_S1A_S1B_S1C_S1D_S25_S1G_NS9_IJLi11ELi12EEEENS9_IJLi13ELi14EEEENS9_IJLi15EEEES1S_S1T_S1J_EEENS5_IJNS9_IJLi1ELi2ELi3ELi4ELi5ELi6EEEES1D_S1E_S1F_S1G_S1P_S1Q_NS9_IJLi14EEEES2M_S1S_S1T_S1J_NS9_IJLi19ELi20EEEENS9_IJLi21ELi22EEEEEEENS9_IJLi19ELi20ELi21ELi22EEEElEENS_31BlockToCTileMap_M00_N0_M01AdaptILi64ELi16ENSJ_INS5_IJS2A_SX_SO_SQ_SO_SO_S2C_SO_S20_S20_SZ_SZ_EEENS5_IJS16_S24_S1A_S1B_S1C_S1D_S25_S1G_S2K_S2L_S2M_S1S_EEENS5_IJS2O_S1D_S1E_S1F_S1G_S1P_S1Q_S2P_S2M_S1S_S1T_S1J_EEENS9_IJLi17ELi18EEEElEEiEENS1_30ComputePtrOffsetOfStridedBatchILi1ELi1ELi0EvEES33_Lb0ELb0ELb0ELb0EEEvT0_T1_T2_PT3_T4_T5_T6_T7_T8_T9_T10_T11_T12_T13_",80,12922162,161527.025000,0.0679,3640,1658651,455217.844877
"_topk_topp_kernel",4,11478511,2869627.750000,0.0603,2474455,3529542,503112.872706
"Cijk_Alik_Bljk_BBS_BH_Bias_HA_S_SAV_UserArgs_MT64x64x64_MI16x16x1_SN_LDSB0_AFC1_AG0_AFEM1_AFEM1_ASEM1_CB0_CD1_1_CLR1_CADS0_DTLA0_DTLB0_DTLM0_DTVA0_DTVB1_DTVMXSA0_DTVMXSB0_DTVSM0_DPLB0_EPS0_ELFLR0_EMLLn1_FDSI0_GRPM1_GRVWA8_GRVWB8_GSUAMB_GLS0_HPLR0_ISA1201_ICIW0_IU1_K1_LDSTI0_LBSPPA256_LBSPPB0_LBSPPMXSA0_LBSPPMXSB0_LBSPPM0_LPA16_LPB0_LPMXSA0_LPMXSB0_LPM0_LRVW8_LWPMn1_MIAV1_MIWT2_2_MXLIBL_MXSFNS_MO40_MGRIPM1_NTn1_NTA0_NTB0_NTC0_NTD0_NTE0_NTMXSA0_NTMXSB0_NTM0_NTWS0_NVn1_NVA0_NVB0_NVC0_NVD0_NVE0_NVMXSA0_NVMXSB0_NVM0_NVWS0_NEPBS0_NLCA1_NLCB4_ONLL0_PGR2_PLR1_PKA0_SGROB0_SIA3_SS0_SPO0_SRVW0_SSO0_SVW8_SK0_SKFTR0_SKXCCM0_SIP1_SGRO0_TDMI0_TDMS0_TIN0_THn1_THA0_THB0_THC0_THD0_THE0_THMXSA0_THMXSB0_THM0_THWS0_TLDS1_TLDSM1_ULSGRO0_USL1_USLMX0_UIOFGRO0_UPLRP0_USFGROn1_USI0_VSn1_VWA2_VWB2_WSGRA0_WSGRB0_WS32_WG32_4_1",120,9052139,75434.491667,0.0476,37480,251481,22291.670347
"Cijk_Alik_Bljk_BBS_BH_Bias_HA_S_SAV_UserArgs_MT64x64x64_MI16x16x1_SN_LDSB0_AFC1_AG0_AFEM1_AFEM1_ASEM1_CB0_CD1_1_CLR1_CADS0_DTLA0_DTLB0_DTLM0_DTVA0_DTVB1_DTVMXSA0_DTVMXSB0_DTVSM0_DPLB0_EPS1_ELFLR0_EMLLn1_FDSI0_GRPM1_GRVWA8_GRVWB8_GSUAMB_GLS0_HPLR0_ISA1201_ICIW0_IU1_K1_LDSTI0_LBSPPA256_LBSPPB0_LBSPPMXSA0_LBSPPMXSB0_LBSPPM0_LPA16_LPB0_LPMXSA0_LPMXSB0_LPM0_LRVW8_LWPMn1_MIAV1_MIWT2_2_MXLIBL_MXSFNS_MO40_MGRIPM1_NTn1_NTA0_NTB0_NTC0_NTD0_NTE0_NTMXSA0_NTMXSB0_NTM0_NTWS0_NVn1_NVA0_NVB0_NVC0_NVD0_NVE0_NVMXSA0_NVMXSB0_NVM0_NVWS0_NEPBS0_NLCA1_NLCB4_ONLL0_PGR1_PLR1_PKA0_SGROB0_SIA3_SS0_SPO0_SRVW0_SSO0_SVW8_SK0_SKFTR0_SKXCCM0_SIP1_SGRO0_TDMI0_TDMS0_TIN0_THn1_THA0_THB0_THC0_THD0_THE0_THMXSA0_THMXSB0_THM0_THWS0_TLDS1_TLDSM1_ULSGRO0_USL1_USLMX0_UIOFGRO0_UPLRP0_USFGROn1_USI0_VSn1_VWA2_VWB2_WSGRA0_WSGRB0_WS32_WG32_4_1",320,6884175,21513.046875,0.0362,12960,105321,8120.783249
"_ZN2ck16tensor_operation6device12_GLOBAL__N_149kernel_grouped_conv_fwd_multiple_abd_xdl_cshuffleINS_34GridwiseGemmMultipleD_xdl_cshuffleIDF16bDF16bDF16bfDF16bNS_5TupleIJEEEDF16bNS0_12element_wise11PassThroughES8_S8_Li1ELi128ELi128ELi64ELi32ELi8ELi8ELi16ELi16ELi2ELi4ENS_8SequenceIJLi4ELi32ELi1EEEENS9_IJLi1ELi0ELi2EEEESB_Li2ELi8ELi8ELb0ELi1ESA_SB_SB_Li2ELi8ELi8ELb0ELi1ELi1ELi2ENS9_IJLi1ELi32ELi1ELi4EEEELi8ELNS_13LoopSchedulerE0ELNS_15PipelineVersionE0EDF16bLb0EEEPKDF16bSH_S6_DF16bS8_S8_S8_NS_16TensorDescriptorINS5_IJNS_5EmbedINS5_IJiiiiEEESK_Lb0EEENS_11PassThroughIiEENS_3PadIiiiLb0EEESP_SN_SN_NSJ_INS5_IJiiEEESQ_Lb0EEESR_SN_NS_23Merge_v2_magic_divisionINS5_IJiiiEEEEESU_NS_8RightPadIiiLb0EEESW_NS_7UnMergeINS5_IJiNS_17integral_constantIiLi8EEEEEELb0EEESN_EEENS5_IJNS9_IJLi0EEEENS9_IJLi1EEEENS9_IJLi2EEEENS9_IJLi3EEEENS9_IJLi4EEEENS9_IJLi5EEEENS9_IJLi6EEEENS9_IJLi7EEEENS9_IJLi8EEEENS9_IJLi9ELi11ELi13EEEENS9_IJLi10ELi12ELi14EEEENS9_IJLi15EEEENS9_IJLi16EEEENS9_IJLi18EEEENS9_IJLi17EEEEEEENS5_IJNS9_IJLi1ELi2ELi3ELi4EEEES18_S19_S1A_S1B_NS9_IJLi9EEEENS9_IJLi10ELi11EEEENS9_IJLi12ELi13EEEENS9_IJLi14EEEES1E_S1F_S1H_S1G_NS9_IJLi19ELi20EEEENS9_IJLi21EEEEEEENS9_IJLi19ELi21ELi20EEEElEENSI_INS5_IJNSX_ISQ_Lb0EEESW_SW_S11_SN_EEENS5_IJS13_S14_S15_S17_S16_EEENS5_IJNS9_IJLi1ELi2EEEES16_S17_NS9_IJLi5ELi6EEEES1A_EEENS9_IJLi5ELi7ELi6EEEElEES6_NSI_INS5_IJSR_SW_SW_NSX_INS5_IJiNSY_IiLi128EEEEEELb0EEENSX_INS5_IJiNSY_IiLi64EEEEEELb0EEEEEENS5_IJS13_S14_S15_S16_S17_EEENS5_IJS1W_S16_S17_S1X_NS9_IJLi7ELi8EEEEEEENS9_IJLi5ELi6ELi7ELi8EEEElEENS_31BlockToCTileMap_M00_N0_M01AdaptILi128ELi64ENSI_INS5_IJSR_SW_SW_EEENS5_IJS13_S14_S15_EEENS5_IJS1W_S16_S17_EEENS9_IJLi3ELi4EEEElEEiEENS1_30ComputePtrOffsetOfStridedBatchILi1ELi1ELi0EvEES2L_Lb1ELb0ELb0ELb0EEEvT0_T1_T2_PT3_T4_T5_T6_T7_T8_T9_T10_T11_T12_T13_",160,5022823,31392.643750,0.0264,6720,237721,36993.261185
"_compute_slot_mapping_kernel",1030,4858078,4716.580583,0.0255,2040,13121,3982.116748
"batched_transpose_16x64_pack_1x4_ediv_1x2_half",120,4693863,39115.525000,0.0247,1520,1292128,133107.916496
"_fwd_kernel",80,4628061,57850.762500,0.0243,37360,187561,19899.417520
"batched_transpose_64x64_pack_4x4_ediv_4x4_half",192,4530878,23598.322917,0.0238,1880,65521,22560.223995
"Cijk_Alik_Bljk_BBS_BH_Bias_HA_S_SAV_UserArgs_MT64x64x64_MI16x16x1_SN_LDSB0_AFC1_AG0_AFEM1_AFEM1_ASEM1_CB0_CD1_1_CLR1_CADS0_DTLA0_DTLB0_DTLM0_DTVA0_DTVB1_DTVMXSA0_DTVMXSB0_DTVSM0_DPLB0_EPS1_ELFLR0_EMLLn1_FDSI0_GRPM1_GRVWA8_GRVWB8_GSUAMB_GLS0_HPLR0_ISA1201_ICIW0_IU1_K1_LDSTI0_LBSPPA256_LBSPPB0_LBSPPMXSA0_LBSPPMXSB0_LBSPPM0_LPA16_LPB0_LPMXSA0_LPMXSB0_LPM0_LRVW8_LWPMn1_MIAV1_MIWT2_2_MXLIBL_MXSFNS_MO40_MGRIPM1_NTn1_NTA0_NTB0_NTC0_NTD0_NTE0_NTMXSA0_NTMXSB0_NTM0_NTWS0_NVn1_NVA0_NVB0_NVC0_NVD0_NVE0_NVMXSA0_NVMXSB0_NVM0_NVWS0_NEPBS0_NLCA1_NLCB4_ONLL0_PGR1_PLR1_PKA0_SGROB0_SIA3_SS1_SPO0_SRVW0_SSO0_SVW2_SK0_SKFTR0_SKXCCM0_SIP1_SGRO0_TDMI0_TDMS0_TIN0_THn1_THA0_THB0_THC0_THD0_THE0_THMXSA0_THMXSB0_THM0_THWS0_TLDS1_TLDSM1_ULSGRO0_USL1_USLMX0_UIOFGRO0_UPLRP0_USFGROn1_USI0_VSn1_VWA2_VWB2_WSGRA0_WSGRB0_WS32_WG32_4_1",160,3976507,24853.168750,0.0209,22640,104561,7899.741083
"vectorized_templated_elementwise_kernel",200,3775140,18875.700000,0.0198,14960,243081,16784.261556
"Cijk_Alik_Bljk_BBS_BH_Bias_HA_S_SAV_UserArgs_MT64x64x32_MI16x16x1_SN_LDSB0_AFC1_AG0_AFEM1_AFEM1_ASEM1_CB0_CD1_1_CLR0_CADS0_DTLA0_DTLB0_DTLM0_DTVA0_DTVB1_DTVMXSA0_DTVMXSB0_DTVSM0_DPLB0_EPS0_ELFLR0_EMLLn1_FDSI0_GRPM1_GRVWA8_GRVWB8_GSUAMB_GLS0_HPLR0_ISA1201_ICIW0_IU1_K1_LDSTI0_LBSPPA128_LBSPPB0_LBSPPMXSA0_LBSPPMXSB0_LBSPPM0_LPA16_LPB0_LPMXSA0_LPMXSB0_LPM0_LRVW8_LWPMn1_MIAV1_MIWT2_2_MXLIBL_MXSFNS_MO40_MGRIPM1_NTn1_NTA0_NTB0_NTC0_NTD0_NTE0_NTMXSA0_NTMXSB0_NTM0_NTWS0_NVn1_NVA0_NVB0_NVC0_NVD0_NVE0_NVMXSA0_NVMXSB0_NVM0_NVWS0_NEPBS0_NLCA1_NLCB2_ONLL1_PGR2_PLR1_PKA0_SGROB0_SIA3_SS1_SPO0_SRVW0_SSO0_SVW1_SK0_SKFTR0_SKXCCM0_SIP1_SGRO0_TDMI0_TDMS0_TIN0_THn1_THA0_THB0_THC0_THD0_THE0_THMXSA0_THMXSB0_THM0_THWS0_TLDS2_TLDSM1_ULSGRO0_USL1_USLMX0_UIOFGRO0_UPLRP0_USFGROn1_USI0_VSn1_VWA1_VWB1_WSGRA0_WSGRB0_WS32_WG32_4_1",40,3763504,94087.600000,0.0198,91001,103521,2435.817946
"unrolled_elementwise_kernel",683,3359219,4918.329429,0.0177,1360,12320,4472.526291
"Cijk_Alik_Bljk_BBS_BH_Bias_HA_S_SAV_UserArgs_MT64x64x32_MI16x16x1_SN_LDSB0_AFC1_AG0_AFEM1_AFEM1_ASEM1_CB0_CD1_1_CLR0_CADS0_DTLA0_DTLB0_DTLM0_DTVA0_DTVB1_DTVMXSA0_DTVMXSB0_DTVSM0_DPLB0_EPS0_ELFLR0_EMLLn1_FDSI0_GRPM1_GRVWA8_GRVWB8_GSUAMB_GLS0_HPLR0_ISA1201_ICIW0_IU1_K1_LDSTI0_LBSPPA128_LBSPPB0_LBSPPMXSA0_LBSPPMXSB0_LBSPPM0_LPA16_LPB0_LPMXSA0_LPMXSB0_LPM0_LRVW8_LWPMn1_MIAV1_MIWT2_2_MXLIBL_MXSFNS_MO40_MGRIPM1_NTn1_NTA0_NTB0_NTC0_NTD0_NTE0_NTMXSA0_NTMXSB0_NTM0_NTWS0_NVn1_NVA0_NVB0_NVC0_NVD0_NVE0_NVMXSA0_NVMXSB0_NVM0_NVWS0_NEPBS0_NLCA1_NLCB2_ONLL1_PGR2_PLR1_PKA0_SGROB0_SIA3_SS0_SPO0_SRVW0_SSO0_SVW8_SK0_SKFTR0_SKXCCM0_SIP1_SGRO0_TDMI0_TDMS0_TIN0_THn1_THA0_THB0_THC0_THD0_THE0_THMXSA0_THMXSB0_THM0_THWS0_TLDS2_TLDSM1_ULSGRO0_USL1_USLMX0_UIOFGRO0_UPLRP0_USFGROn1_USI0_VSn1_VWA1_VWB1_WSGRA0_WSGRB0_WS32_WG32_4_1",40,2576013,64400.325000,0.0135,61001,74081,2764.677608
"triton_red_fused_1",530,1832928,3458.354717,9.631e-03,2200,90921,5588.605423
"Cijk_Ailk_Bljk_BBS_BH_Bias_HA_S_SAV_UserArgs_MT16x16x32_MI16x16x1_SN_LDSB1_AFC1_AG0_AFEM1_AFEM1_ASEM1_CB0_CD1_1_CLR1_CADS0_DTLA0_DTLB0_DTLM0_DTVA0_DTVB0_DTVMXSA0_DTVMXSB0_DTVSM0_DPLB0_EPS1_ELFLR0_EMLLn1_FDSI0_GRPM1_GRVWA1_GRVWB1_GSUAMB_GLS0_HPLR0_ISA1201_ICIW0_IU1_K1_LDSTI0_LBSPPA128_LBSPPB128_LBSPPMXSA0_LBSPPMXSB0_LBSPPM0_LPA16_LPB16_LPMXSA0_LPMXSB0_LPM0_LRVW8_LWPMn1_MIAV1_MIWT1_1_MXLIBL_MXSFNS_MO40_MGRIPM1_NTn1_NTA0_NTB0_NTC0_NTD0_NTE0_NTMXSA0_NTMXSB0_NTM0_NTWS0_NVn1_NVA0_NVB0_NVC0_NVD0_NVE0_NVMXSA0_NVMXSB0_NVM0_NVWS0_NEPBS0_NLCA1_NLCB1_ONLL1_PGR1_PLR0_PKA0_SGROB0_SIA3_SS0_SPO0_SRVW0_SSO0_SVW8_SK0_SKFTR0_SKXCCM0_SIP1_SGRO0_TDMI0_TDMS0_TIN0_THn1_THA0_THB0_THC0_THD0_THE0_THMXSA0_THMXSB0_THM0_THWS0_TLDS2_TLDSM1_ULSGRO0_USL1_USLMX0_UIOFGRO0_UPLRP0_USFGROn1_USI0_VSn1_VWA1_VWB1_WSGRA0_WSGRB0_WS32_WG16_2_1",136,1720897,12653.654412,9.043e-03,4240,213002,22277.707380
"Cijk_Alik_Bljk_BBS_BH_Bias_HA_S_SAV_UserArgs_MT64x64x64_MI16x16x1_SN_LDSB0_AFC1_AG0_AFEM1_AFEM1_ASEM1_CB0_CD1_1_CLR1_CADS0_DTLA0_DTLB0_DTLM0_DTVA0_DTVB0_DTVMXSA0_DTVMXSB0_DTVSM0_DPLB0_EPS0_ELFLR0_EMLLn1_FDSI0_GRPM1_GRVWA4_GRVWB8_GSUAMB_GLS0_HPLR0_ISA1201_ICIW0_IU1_K1_LDSTI0_LBSPPA128_LBSPPB128_LBSPPMXSA0_LBSPPMXSB0_LBSPPM0_LPA16_LPB16_LPMXSA0_LPMXSB0_LPM0_LRVW8_LWPMn1_MIAV1_MIWT2_2_MXLIBL_MXSFNS_MO40_MGRIPM1_NTn1_NTA0_NTB0_NTC0_NTD0_NTE0_NTMXSA0_NTMXSB0_NTM0_NTWS0_NVn1_NVA0_NVB0_NVC0_NVD0_NVE0_NVMXSA0_NVMXSB0_NVM0_NVWS0_NEPBS0_NLCA1_NLCB1_ONLL1_PGR2_PLR1_PKA0_SGROB0_SIA1_SS0_SPO0_SRVW0_SSO0_SVW8_SK0_SKFTR0_SKXCCM0_SIP1_SGRO0_TDMI0_TDMS0_TIN0_THn1_THA0_THB0_THC0_THD0_THE0_THMXSA0_THMXSB0_THM0_THWS0_TLDS1_TLDSM1_ULSGRO0_USL1_USLMX0_UIOFGRO0_UPLRP0_USFGROn1_USI0_VSn1_VWA1_VWB1_WSGRA0_WSGRB0_WS32_WG32_4_1",80,1704448,21305.600000,8.956e-03,19640,41320,3358.222969
"Cijk_Ailk_Bljk_BBS_BH_Bias_HA_S_SAV_UserArgs_MT16x16x32_MI16x16x1_SN_LDSB1_AFC1_AG0_AFEM1_AFEM1_ASEM32_CB0_CD1_1_CLR0_CADS0_DTLA0_DTLB0_DTLM0_DTVA0_DTVB1_DTVMXSA0_DTVMXSB0_DTVSM0_DPLB0_EPS0_ELFLR0_EMLLn1_FDSI0_GRPM1_GRVWA8_GRVWB8_GSUAMB_GLS0_HPLR0_ISA1201_ICIW0_IU1_K1_LDSTI0_LBSPPA256_LBSPPB0_LBSPPMXSA0_LBSPPMXSB0_LBSPPM0_LPA16_LPB0_LPMXSA0_LPMXSB0_LPM0_LRVW8_LWPMn1_MIAV1_MIWT1_1_MXLIBL_MXSFNS_MO40_MGRIPM1_NTn1_NTA0_NTB0_NTC0_NTD0_NTE0_NTMXSA0_NTMXSB0_NTM0_NTWS0_NVn1_NVA0_NVB0_NVC0_NVD0_NVE0_NVMXSA0_NVMXSB0_NVM0_NVWS0_NEPBS0_NLCA1_NLCB2_ONLL1_PGR2_PLR1_PKA0_SGROB0_SIA3_SS1_SPO0_SRVW0_SSO0_SVW1_SK0_SKFTR0_SKXCCM0_SIP1_SGRO0_TDMI0_TDMS0_TIN0_THn1_THA0_THB0_THC0_THD0_THE0_THMXSA0_THMXSB0_THM0_THWS0_TLDS1_TLDSM1_ULSGRO0_USL1_USLMX0_UIOFGRO0_UPLRP0_USFGROn1_USI0_VSn1_VWA1_VWB1_WSGRA0_WSGRB0_WS32_WG16_2_1",176,1665530,9463.238636,8.752e-03,3840,37440,4375.080606
"Cijk_Alik_Bljk_BBS_BH_Bias_HA_S_SAV_UserArgs_MT64x64x32_MI16x16x1_SN_LDSB0_AFC1_AG0_AFEM1_AFEM1_ASEM1_CB0_CD1_1_CLR1_CADS0_DTLA0_DTLB0_DTLM0_DTVA0_DTVB1_DTVMXSA0_DTVMXSB0_DTVSM0_DPLB0_EPS0_ELFLR0_EMLLn1_FDSI0_GRPM1_GRVWA8_GRVWB8_GSUAMB_GLS0_HPLR0_ISA1201_ICIW0_IU1_K1_LDSTI0_LBSPPA128_LBSPPB0_LBSPPMXSA0_LBSPPMXSB0_LBSPPM0_LPA16_LPB0_LPMXSA0_LPMXSB0_LPM0_LRVW8_LWPMn1_MIAV1_MIWT2_2_MXLIBL_MXSFNS_MO40_MGRIPM1_NTn1_NTA0_NTB0_NTC0_NTD0_NTE0_NTMXSA0_NTMXSB0_NTM0_NTWS0_NVn1_NVA0_NVB0_NVC0_NVD0_NVE0_NVMXSA0_NVMXSB0_NVM0_NVWS0_NEPBS0_NLCA1_NLCB2_ONLL1_PGR2_PLR1_PKA0_SGROB0_SIA3_SS0_SPO0_SRVW0_SSO0_SVW8_SK0_SKFTR0_SKXCCM0_SIP1_SGRO0_TDMI0_TDMS0_TIN0_THn1_THA0_THB0_THC0_THD0_THE0_THMXSA0_THMXSB0_THM0_THWS0_TLDS1_TLDSM1_ULSGRO0_USL1_USLMX0_UIOFGRO0_UPLRP0_USFGROn1_USI0_VSn1_VWA1_VWB1_WSGRA0_WSGRB0_WS32_WG32_4_1",80,1640406,20505.075000,8.620e-03,16520,25361,3574.587425
"Cijk_Alik_Bljk_BBS_BH_Bias_HA_S_SAV_UserArgs_MT64x64x32_MI16x16x1_SN_LDSB0_AFC1_AG0_AFEM1_AFEM1_ASEM1_CB0_CD1_1_CLR0_CADS0_DTLA0_DTLB0_DTLM0_DTVA0_DTVB1_DTVMXSA0_DTVMXSB0_DTVSM0_DPLB0_EPS1_ELFLR0_EMLLn1_FDSI0_GRPM1_GRVWA8_GRVWB8_GSUAMB_GLS0_HPLR0_ISA1201_ICIW0_IU1_K1_LDSTI0_LBSPPA128_LBSPPB0_LBSPPMXSA0_LBSPPMXSB0_LBSPPM0_LPA16_LPB0_LPMXSA0_LPMXSB0_LPM0_LRVW8_LWPMn1_MIAV1_MIWT2_2_MXLIBL_MXSFNS_MO40_MGRIPM1_NTn1_NTA0_NTB0_NTC0_NTD0_NTE0_NTMXSA0_NTMXSB0_NTM0_NTWS0_NVn1_NVA0_NVB0_NVC0_NVD0_NVE0_NVMXSA0_NVMXSB0_NVM0_NVWS0_NEPBS0_NLCA1_NLCB2_ONLL1_PGR1_PLR1_PKA0_SGROB0_SIA3_SS0_SPO0_SRVW0_SSO0_SVW8_SK0_SKFTR0_SKXCCM0_SIP1_SGRO0_TDMI0_TDMS0_TIN0_THn1_THA0_THB0_THC0_THD0_THE0_THMXSA0_THMXSB0_THM0_THWS0_TLDS2_TLDSM1_ULSGRO0_USL1_USLMX0_UIOFGRO0_UPLRP0_USFGROn1_USI0_VSn1_VWA1_VWB1_WSGRA0_WSGRB0_WS32_WG32_4_1",40,1281444,32036.100000,6.733e-03,29480,41280,2374.743795
"Cijk_Alik_Bljk_BBS_BH_Bias_HA_S_SAV_UserArgs_MT16x16x32_MI16x16x1_SN_LDSB0_AFC1_AG0_AFEM1_AFEM1_ASEM1_CB0_CD1_1_CLR0_CADS0_DTLA0_DTLB0_DTLM0_DTVA0_DTVB1_DTVMXSA0_DTVMXSB0_DTVSM0_DPLB0_EPS0_ELFLR0_EMLLn1_FDSI0_GRPM1_GRVWA8_GRVWB8_GSUAMB_GLS0_HPLR0_ISA1201_ICIW0_IU1_K1_LDSTI0_LBSPPA128_LBSPPB0_LBSPPMXSA0_LBSPPMXSB0_LBSPPM0_LPA16_LPB0_LPMXSA0_LPMXSB0_LPM0_LRVW8_LWPMn1_MIAV1_MIWT1_1_MXLIBL_MXSFNS_MO40_MGRIPM1_NTn1_NTA0_NTB0_NTC0_NTD0_NTE0_NTMXSA0_NTMXSB0_NTM0_NTWS0_NVn1_NVA0_NVB0_NVC0_NVD0_NVE0_NVMXSA0_NVMXSB0_NVM0_NVWS0_NEPBS0_NLCA1_NLCB2_ONLL1_PGR2_PLR1_PKA0_SGROB0_SIA3_SS1_SPO0_SRVW0_SSO0_SVW1_SK0_SKFTR0_SKXCCM0_SIP1_SGRO0_TDMI0_TDMS0_TIN0_THn1_THA0_THB0_THC0_THD0_THE0_THMXSA0_THMXSB0_THM0_THWS0_TLDS2_TLDSM1_ULSGRO0_USL1_USLMX0_UIOFGRO0_UPLRP0_USFGROn1_USI0_VSn1_VWA1_VWB1_WSGRA0_WSGRB0_WS32_WG16_2_1",80,1280369,16004.612500,6.728e-03,13440,28280,2751.920818
"Cijk_Alik_Bljk_BBS_BH_Bias_HA_S_SAV_UserArgs_MT16x16x32_MI16x16x1_SN_LDSB0_AFC1_AG0_AFEM1_AFEM1_ASEM1_CB0_CD1_1_CLR0_CADS0_DTLA0_DTLB0_DTLM0_DTVA0_DTVB0_DTVMXSA0_DTVMXSB0_DTVSM0_DPLB0_EPS0_ELFLR0_EMLLn1_FDSI0_GRPM1_GRVWA8_GRVWB8_GSUAMB_GLS0_HPLR0_ISA1201_ICIW0_IU1_K1_LDSTI0_LBSPPA128_LBSPPB128_LBSPPMXSA0_LBSPPMXSB0_LBSPPM0_LPA16_LPB16_LPMXSA0_LPMXSB0_LPM0_LRVW8_LWPMn1_MIAV1_MIWT1_1_MXLIBL_MXSFNS_MO40_MGRIPM1_NTn1_NTA0_NTB0_NTC0_NTD0_NTE0_NTMXSA0_NTMXSB0_NTM0_NTWS0_NVn1_NVA0_NVB0_NVC0_NVD0_NVE0_NVMXSA0_NVMXSB0_NVM0_NVWS0_NEPBS0_NLCA1_NLCB1_ONLL1_PGR2_PLR1_PKA0_SGROB0_SIA1_SS0_SPO0_SRVW0_SSO0_SVW8_SK0_SKFTR0_SKXCCM0_SIP1_SGRO0_TDMI0_TDMS0_TIN0_THn1_THA0_THB0_THC0_THD0_THE0_THMXSA0_THMXSB0_THM0_THWS0_TLDS1_TLDSM1_ULSGRO0_USL1_USLMX0_UIOFGRO0_UPLRP0_USFGROn1_USI0_VSn1_VWA1_VWB1_WSGRA0_WSGRB0_WS32_WG16_2_1",80,1261485,15768.562500,6.629e-03,12720,24480,3194.640884
"batched_transpose_4x128_half",160,1250569,7816.056250,6.571e-03,3440,20401,5514.676245
"Cijk_Alik_Bjlk_BBS_BH_Bias_SHB_HA_S_SAB_SCD_SAV_UserArgs_MT128x64x32_MI16x16x1_SN_LDSB0_AFC1_AG0_AFEM1_AFEM1_ASEM32_CB0_CD1_1_CLR1_CADS0_DTLA0_DTLB0_DTLM0_DTVA1_DTVB0_DTVMXSA0_DTVMXSB0_DTVSM0_DPLB0_EPS0_ELFLR0_EMLLn1_FDSI0_GRPM1_GRVWA8_GRVWB1_GSUAMB_GLS0_HPLR0_ISA1201_ICIW0_IU1_K1_LDSTI0_LBSPPA0_LBSPPB1024_LBSPPMXSA0_LBSPPMXSB0_LBSPPM0_LPA0_LPB16_LPMXSA0_LPMXSB0_LPM0_LRVW8_LWPMn1_MIAV1_MIWT8_1_MXLIBL_MXSFNS_MO40_MGRIPM1_NTn1_NTA0_NTB0_NTC0_NTD0_NTE0_NTMXSA0_NTMXSB0_NTM0_NTWS0_NVn1_NVA0_NVB0_NVC0_NVD0_NVE0_NVMXSA0_NVMXSB0_NVM0_NVWS0_NEPBS0_NLCA2_NLCB1_ONLL0_PGR2_PLR1_PKA0_SGROB0_SIA3_SS1_SPO0_SRVW0_SSO0_SVW8_SK0_SKFTR0_SKXCCM0_SIP1_SGRO0_TDMI0_TDMS0_TIN0_THn1_THA0_THB0_THC0_THD0_THE0_THMXSA0_THMXSB0_THM0_THWS0_TLDS1_TLDSMn1_ULSGRO0_USL1_USLMX0_UIOFGRO0_UPLRP0_USFGROn1_USI0_VSn1_VWA8_VWB1_WSGRA0_WSGRB0_WS32_WG16_8_1",120,1229888,10249.066667,6.462e-03,8120,63241,5149.772405
"Cijk_Ailk_Bljk_BBS_BH_Bias_HA_S_SAV_UserArgs_MT16x16x32_MI16x16x1_SN_LDSB0_AFC1_AG0_AFEM1_AFEM1_ASEM1_CB0_CD1_1_CLR0_CADS0_DTLA0_DTLB0_DTLM0_DTVA0_DTVB0_DTVMXSA0_DTVMXSB0_DTVSM0_DPLB0_EPS0_ELFLR0_EMLLn1_FDSI0_GRPM1_GRVWA1_GRVWB8_GSUAMB_GLS0_HPLR0_ISA1201_ICIW0_IU1_K1_LDSTI0_LBSPPA128_LBSPPB128_LBSPPMXSA0_LBSPPMXSB0_LBSPPM0_LPA16_LPB16_LPMXSA0_LPMXSB0_LPM0_LRVW8_LWPMn1_MIAV1_MIWT1_1_MXLIBL_MXSFNS_MO40_MGRIPM1_NTn1_NTA0_NTB0_NTC0_NTD0_NTE0_NTMXSA0_NTMXSB0_NTM0_NTWS0_NVn1_NVA0_NVB0_NVC0_NVD0_NVE0_NVMXSA0_NVMXSB0_NVM0_NVWS0_NEPBS0_NLCA1_NLCB1_ONLL1_PGR1_PLR1_PKA0_SGROB0_SIA3_SS0_SPO0_SRVW0_SSO0_SVW8_SK0_SKFTR0_SKXCCM0_SIP1_SGRO0_TDMI0_TDMS0_TIN0_THn1_THA0_THB0_THC0_THD0_THE0_THMXSA0_THMXSB0_THM0_THWS0_TLDS2_TLDSM1_ULSGRO0_USL1_USLMX0_UIOFGRO0_UPLRP0_USFGROn1_USI0_VSn1_VWA1_VWB1_WSGRA0_WSGRB0_WS32_WG16_2_1",128,1171447,9151.929688,6.155e-03,3920,36360,4113.778490
"Cijk_Ailk_Bljk_BBS_BH_Bias_HA_S_SAV_UserArgs_MT16x512x16_MI16x16x1_SN_LDSB1_AFC1_AG0_AFEM1_AFEM1_ASEM1_CB0_CD1_1_CLR1_CADS0_DTLA0_DTLB0_DTLM0_DTVA0_DTVB0_DTVMXSA0_DTVMXSB0_DTVSM0_DPLB0_EPS0_ELFLR0_EMLLn1_FDSI0_GRPM1_GRVWA2_GRVWB8_GSUAMB_GLS0_HPLR0_ISA1201_ICIW0_IU1_K1_LDSTI0_LBSPPA256_LBSPPB256_LBSPPMXSA0_LBSPPMXSB0_LBSPPM0_LPA16_LPB16_LPMXSA0_LPMXSB0_LPM0_LRVW8_LWPMn1_MIAV1_MIWT1_8_MXLIBL_MXSFNS_MO40_MGRIPM1_NTn1_NTA0_NTB0_NTC0_NTD0_NTE0_NTMXSA0_NTMXSB0_NTM0_NTWS0_NVn1_NVA0_NVB0_NVC0_NVD0_NVE0_NVMXSA0_NVMXSB0_NVM0_NVWS0_NEPBS0_NLCA1_NLCB1_ONLL0_PGR2_PLR1_PKA0_SGROB0_SIA2_SS0_SPO0_SRVW0_SSO0_SVW8_SK0_SKFTR0_SKXCCM0_SIP1_SGRO0_TDMI0_TDMS0_TIN0_THn1_THA0_THB0_THC0_THD0_THE0_THMXSA0_THMXSB0_THM0_THWS0_TLDS1_TLDSMn1_ULSGRO0_USL1_USLMX0_UIOFGRO0_UPLRP0_USFGROn1_USI0_VSn1_VWA1_VWB8_WSGRA0_WSGRB0_WS32_WG16_8_1",16,1001207,62575.437500,5.261e-03,60721,73281,3981.612688
"Cijk_Ailk_Bljk_BBS_BH_Bias_HA_S_SAV_UserArgs_MT16x16x32_MI16x16x1_SN_LDSB0_AFC1_AG0_AFEM1_AFEM1_ASEM1_CB0_CD1_1_CLR1_CADS0_DTLA0_DTLB0_DTLM0_DTVA0_DTVB0_DTVMXSA0_DTVMXSB0_DTVSM0_DPLB0_EPS0_ELFLR0_EMLLn1_FDSI0_GRPM1_GRVWA1_GRVWB1_GSUAMB_GLS0_HPLR0_ISA1201_ICIW0_IU1_K1_LDSTI0_LBSPPA128_LBSPPB128_LBSPPMXSA0_LBSPPMXSB0_LBSPPM0_LPA16_LPB16_LPMXSA0_LPMXSB0_LPM0_LRVW8_LWPMn1_MIAV1_MIWT1_1_MXLIBL_MXSFNS_MO40_MGRIPM1_NTn1_NTA0_NTB0_NTC0_NTD0_NTE0_NTMXSA0_NTMXSB0_NTM0_NTWS0_NVn1_NVA0_NVB0_NVC0_NVD0_NVE0_NVMXSA0_NVMXSB0_NVM0_NVWS0_NEPBS0_NLCA1_NLCB1_ONLL1_PGR2_PLR1_PKA0_SGROB0_SIA3_SS0_SPO0_SRVW0_SSO0_SVW8_SK0_SKFTR0_SKXCCM0_SIP1_SGRO0_TDMI0_TDMS0_TIN0_THn1_THA0_THB0_THC0_THD0_THE0_THMXSA0_THMXSB0_THM0_THWS0_TLDS2_TLDSM1_ULSGRO0_USL1_USLMX0_UIOFGRO0_UPLRP0_USFGROn1_USI0_VSn1_VWA1_VWB1_WSGRA0_WSGRB0_WS32_WG16_2_1",88,951724,10815.045455,5.001e-03,4200,17320,3483.051648
"triton_per_fused_rms_norm_1",530,933929,1762.130189,4.907e-03,1440,13720,773.920376
"Cijk_Ailk_Bljk_BBS_BH_Bias_HA_S_SAV_UserArgs_MT16x16x32_MI16x16x1_SN_LDSB0_AFC1_AG0_AFEM1_AFEM1_ASEM1_CB0_CD1_1_CLR1_CADS0_DTLA0_DTLB0_DTLM0_DTVA0_DTVB0_DTVMXSA0_DTVMXSB0_DTVSM0_DPLB0_EPS0_ELFLR0_EMLLn1_FDSI0_GRPM1_GRVWA1_GRVWB1_GSUAMB_GLS0_HPLR0_ISA1201_ICIW0_IU1_K1_LDSTI0_LBSPPA128_LBSPPB128_LBSPPMXSA0_LBSPPMXSB0_LBSPPM0_LPA16_LPB16_LPMXSA0_LPMXSB0_LPM0_LRVW8_LWPMn1_MIAV1_MIWT1_1_MXLIBL_MXSFNS_MO40_MGRIPM1_NTn1_NTA0_NTB0_NTC0_NTD0_NTE0_NTMXSA0_NTMXSB0_NTM0_NTWS0_NVn1_NVA0_NVB0_NVC0_NVD0_NVE0_NVMXSA0_NVMXSB0_NVM0_NVWS0_NEPBS0_NLCA1_NLCB1_ONLL1_PGR1_PLR0_PKA0_SGROB0_SIA3_SS1_SPO0_SRVW0_SSO0_SVW1_SK0_SKFTR0_SKXCCM0_SIP1_SGRO0_TDMI0_TDMS0_TIN0_THn1_THA0_THB0_THC0_THD0_THE0_THMXSA0_THMXSB0_THM0_THWS0_TLDS2_TLDSM1_ULSGRO0_USL1_USLMX0_UIOFGRO0_UPLRP0_USFGROn1_USI0_VSn1_VWA1_VWB1_WSGRA0_WSGRB0_WS32_WG16_2_1",88,861129,9785.556818,4.525e-03,4120,21321,3052.055143
"Cijk_Ailk_Bljk_BBS_BH_Bias_HA_S_SAV_UserArgs_MT16x16x32_MI16x16x1_SN_LDSB1_AFC1_AG0_AFEM1_AFEM1_ASEM1_CB0_CD1_1_CLR0_CADS0_DTLA0_DTLB0_DTLM0_DTVA0_DTVB0_DTVMXSA0_DTVMXSB0_DTVSM0_DPLB0_EPS1_ELFLR0_EMLLn1_FDSI0_GRPM1_GRVWA1_GRVWB8_GSUAMB_GLS0_HPLR0_ISA1201_ICIW0_IU1_K1_LDSTI0_LBSPPA256_LBSPPB128_LBSPPMXSA0_LBSPPMXSB0_LBSPPM0_LPA16_LPB16_LPMXSA0_LPMXSB0_LPM0_LRVW8_LWPMn1_MIAV1_MIWT1_1_MXLIBL_MXSFNS_MO40_MGRIPM1_NTn1_NTA0_NTB0_NTC0_NTD0_NTE0_NTMXSA0_NTMXSB0_NTM0_NTWS0_NVn1_NVA0_NVB0_NVC0_NVD0_NVE0_NVMXSA0_NVMXSB0_NVM0_NVWS0_NEPBS0_NLCA1_NLCB1_ONLL1_PGR1_PLR1_PKA0_SGROB0_SIA3_SS0_SPO0_SRVW0_SSO0_SVW8_SK0_SKFTR0_SKXCCM0_SIP1_SGRO0_TDMI0_TDMS0_TIN0_THn1_THA0_THB0_THC0_THD0_THE0_THMXSA0_THMXSB0_THM0_THWS0_TLDS1_TLDSM1_ULSGRO0_USL1_USLMX0_UIOFGRO0_UPLRP0_USFGROn1_USI0_VSn1_VWA1_VWB1_WSGRA0_WSGRB0_WS32_WG16_2_1",88,839645,9541.420455,4.412e-03,4000,19320,3720.983351
"Cijk_Ailk_Bljk_BBS_BH_Bias_HA_S_SAV_UserArgs_MT128x32x16_MI16x16x1_SN_LDSB1_AFC1_AG0_AFEM1_AFEM1_ASEM1_CB0_CD1_1_CLR1_CADS0_DTLA0_DTLB0_DTLM0_DTVA0_DTVB0_DTVMXSA0_DTVMXSB0_DTVSM0_DPLB0_EPS0_ELFLR0_EMLLn1_FDSI0_GRPM1_GRVWA4_GRVWB4_GSUAMB_GLS0_HPLR0_ISA1201_ICIW0_IU1_K1_LDSTI0_LBSPPA0_LBSPPB128_LBSPPMXSA0_LBSPPMXSB0_LBSPPM0_LPA0_LPB16_LPMXSA0_LPMXSB0_LPM0_LRVW8_LWPMn1_MIAV1_MIWT4_1_MXLIBL_MXSFNS_MO40_MGRIPM1_NTn1_NTA0_NTB0_NTC0_NTD0_NTE0_NTMXSA0_NTMXSB0_NTM0_NTWS0_NVn1_NVA0_NVB0_NVC0_NVD0_NVE0_NVMXSA0_NVMXSB0_NVM0_NVWS0_NEPBS0_NLCA1_NLCB1_ONLL0_PGR2_PLR1_PKA0_SGROB0_SIA2_SS0_SPO0_SRVW0_SSO0_SVW8_SK0_SKFTR0_SKXCCM0_SIP1_SGRO0_TDMI0_TDMS0_TIN0_THn1_THA0_THB0_THC0_THD0_THE0_THMXSA0_THMXSB0_THM0_THWS0_TLDS1_TLDSMn1_ULSGRO1_USL1_USLMX0_UIOFGRO0_UPLRP0_USFGROn1_USI0_VSn1_VWA4_VWB1_WSGRA0_WSGRB0_WS32_WG32_4_1",16,648045,40502.812500,3.405e-03,37481,69241,8338.822932
"Cijk_Ailk_Bljk_BBS_BH_Bias_HA_S_SAV_UserArgs_MT128x128x16_MI16x16x1_SN_LDSB0_AFC1_AG0_AFEM1_AFEM1_ASEM16_CB0_CD1_1_CLR1_CADS0_DTLA0_DTLB0_DTLM0_DTVA1_DTVB1_DTVMXSA0_DTVMXSB0_DTVSM0_DPLB0_EPS0_ELFLR0_EMLLn1_FDSI0_GRPM1_GRVWA8_GRVWB8_GSUAMB_GLS0_HPLR0_ISA1201_ICIW0_IU1_K1_LDSTI0_LBSPPA0_LBSPPB0_LBSPPMXSA0_LBSPPMXSB0_LBSPPM0_LPA0_LPB0_LPMXSA0_LPMXSB0_LPM0_LRVW8_LWPMn1_MIAV1_MIWT8_2_MXLIBL_MXSFNS_MO40_MGRIPM1_NTn1_NTA0_NTB0_NTC0_NTD0_NTE0_NTMXSA0_NTMXSB0_NTM0_NTWS0_NVn1_NVA0_NVB0_NVC0_NVD0_NVE0_NVMXSA0_NVMXSB0_NVM0_NVWS0_NEPBS0_NLCA8_NLCB1_ONLL0_PGR1_PLR0_PKA0_SGROB0_SIA3_SS0_SPO0_SRVW0_SSO0_SVW8_SK0_SKFTR0_SKXCCM0_SIP1_SGRO0_TDMI0_TDMS0_TIN0_THn1_THA0_THB0_THC0_THD0_THE0_THMXSA0_THMXSB0_THM0_THWS0_TLDS1_TLDSMn1_ULSGRO0_USL1_USLMX0_UIOFGRO0_UPLRP0_USFGROn1_USI0_VSn1_VWA1_VWB2_WSGRA0_WSGRB0_WS32_WG16_8_1",8,563563,70445.375000,2.961e-03,67761,80520,4131.903952
"Cijk_Alik_Bljk_BBS_BH_Bias_HA_S_SAV_UserArgs_MT16x16x32_MI16x16x1_SN_LDSB1_AFC1_AG0_AFEM1_AFEM1_ASEM1_CB0_CD1_1_CLR0_CADS0_DTLA0_DTLB0_DTLM0_DTVA0_DTVB0_DTVMXSA0_DTVMXSB0_DTVSM0_DPLB0_EPS0_ELFLR0_EMLLn1_FDSI0_GRPM1_GRVWA8_GRVWB8_GSUAMB_GLS0_HPLR0_ISA1201_ICIW0_IU1_K1_LDSTI0_LBSPPA128_LBSPPB128_LBSPPMXSA0_LBSPPMXSB0_LBSPPM0_LPA16_LPB16_LPMXSA0_LPMXSB0_LPM0_LRVW8_LWPMn1_MIAV1_MIWT1_1_MXLIBL_MXSFNS_MO40_MGRIPM1_NTn1_NTA0_NTB0_NTC0_NTD0_NTE0_NTMXSA0_NTMXSB0_NTM0_NTWS0_NVn1_NVA0_NVB0_NVC0_NVD0_NVE0_NVMXSA0_NVMXSB0_NVM0_NVWS0_NEPBS0_NLCA1_NLCB1_ONLL1_PGR2_PLR1_PKA0_SGROB0_SIA3_SS0_SPO0_SRVW0_SSO0_SVW8_SK0_SKFTR0_SKXCCM0_SIP1_SGRO0_TDMI0_TDMS0_TIN0_THn1_THA0_THB0_THC0_THD0_THE0_THMXSA0_THMXSB0_THM0_THWS0_TLDS2_TLDSM1_ULSGRO0_USL1_USLMX0_UIOFGRO0_UPLRP0_USFGROn1_USI0_VSn1_VWA1_VWB1_WSGRA0_WSGRB0_WS32_WG16_2_1",40,530367,13259.175000,2.787e-03,8200,19640,2775.208654
"moe_align_block_size_kernel",40,442162,11054.050000,2.323e-03,10760,13120,416.425137
"elementwise_kernel_with_index",242,397520,1642.644628,2.089e-03,1120,13080,1714.076342
"_zero_kv_blocks_kernel",34,396684,11667.176471,2.084e-03,4080,22360,4632.351890
"batched_transpose_64x16_pack_4x1_ediv_2x1_half",32,382604,11956.375000,2.010e-03,1800,42921,16849.517332
"Cijk_Alik_Bljk_BBS_BH_Bias_HA_S_SAV_UserArgs_MT16x16x32_MI16x16x1_SN_LDSB0_AFC1_AG0_AFEM1_AFEM1_ASEM1_CB0_CD1_1_CLR1_CADS0_DTLA0_DTLB0_DTLM0_DTVA0_DTVB0_DTVMXSA0_DTVMXSB0_DTVSM0_DPLB0_EPS0_ELFLR0_EMLLn1_FDSI0_GRPM1_GRVWA8_GRVWB8_GSUAMB_GLS0_HPLR0_ISA1201_ICIW0_IU1_K1_LDSTI0_LBSPPA128_LBSPPB128_LBSPPMXSA0_LBSPPMXSB0_LBSPPM0_LPA16_LPB16_LPMXSA0_LPMXSB0_LPM0_LRVW8_LWPMn1_MIAV1_MIWT1_1_MXLIBL_MXSFNS_MO40_MGRIPM1_NTn1_NTA0_NTB0_NTC0_NTD0_NTE0_NTMXSA0_NTMXSB0_NTM0_NTWS0_NVn1_NVA0_NVB0_NVC0_NVD0_NVE0_NVMXSA0_NVMXSB0_NVM0_NVWS0_NEPBS0_NLCA1_NLCB1_ONLL1_PGR1_PLR1_PKA0_SGROB0_SIA3_SS0_SPO0_SRVW0_SSO0_SVW8_SK0_SKFTR0_SKXCCM0_SIP1_SGRO0_TDMI0_TDMS0_TIN0_THn1_THA0_THB0_THC0_THD0_THE0_THMXSA0_THMXSB0_THM0_THWS0_TLDS1_TLDSM1_ULSGRO0_USL1_USLMX0_UIOFGRO0_UPLRP0_USFGROn1_USI0_VSn1_VWA1_VWB1_WSGRA0_WSGRB0_WS32_WG16_2_1",40,356841,8921.025000,1.875e-03,7200,19600,3402.574436
"Cijk_Alik_Bljk_BBS_BH_Bias_HA_S_SAV_UserArgs_MT16x16x32_MI16x16x1_SN_LDSB0_AFC1_AG0_AFEM1_AFEM1_ASEM1_CB0_CD1_1_CLR1_CADS0_DTLA0_DTLB0_DTLM0_DTVA0_DTVB0_DTVMXSA0_DTVMXSB0_DTVSM0_DPLB0_EPS0_ELFLR0_EMLLn1_FDSI0_GRPM1_GRVWA8_GRVWB8_GSUAMB_GLS0_HPLR0_ISA1201_ICIW0_IU1_K1_LDSTI0_LBSPPA128_LBSPPB128_LBSPPMXSA0_LBSPPMXSB0_LBSPPM0_LPA16_LPB16_LPMXSA0_LPMXSB0_LPM0_LRVW8_LWPMn1_MIAV1_MIWT1_1_MXLIBL_MXSFNS_MO40_MGRIPM1_NTn1_NTA0_NTB0_NTC0_NTD0_NTE0_NTMXSA0_NTMXSB0_NTM0_NTWS0_NVn1_NVA0_NVB0_NVC0_NVD0_NVE0_NVMXSA0_NVMXSB0_NVM0_NVWS0_NEPBS0_NLCA1_NLCB1_ONLL1_PGR2_PLR1_PKA0_SGROB0_SIA3_SS1_SPO0_SRVW0_SSO0_SVW1_SK0_SKFTR0_SKXCCM0_SIP1_SGRO0_TDMI0_TDMS0_TIN0_THn1_THA0_THB0_THC0_THD0_THE0_THMXSA0_THMXSB0_THM0_THWS0_TLDS1_TLDSM1_ULSGRO0_USL1_USLMX0_UIOFGRO0_UPLRP0_USFGROn1_USI0_VSn1_VWA1_VWB1_WSGRA0_WSGRB0_WS32_WG16_2_1",40,355001,8875.025000,1.865e-03,7320,19960,3081.449089
"Cijk_Alik_Bljk_BBS_BH_Bias_HA_S_SAV_UserArgs_MT16x16x32_MI16x16x1_SN_LDSB1_AFC1_AG0_AFEM1_AFEM1_ASEM1_CB0_CD1_1_CLR0_CADS0_DTLA0_DTLB0_DTLM0_DTVA0_DTVB1_DTVMXSA0_DTVMXSB0_DTVSM0_DPLB0_EPS1_ELFLR0_EMLLn1_FDSI0_GRPM1_GRVWA8_GRVWB8_GSUAMB_GLS0_HPLR0_ISA1201_ICIW0_IU1_K1_LDSTI0_LBSPPA128_LBSPPB0_LBSPPMXSA0_LBSPPMXSB0_LBSPPM0_LPA16_LPB0_LPMXSA0_LPMXSB0_LPM0_LRVW8_LWPMn1_MIAV1_MIWT1_1_MXLIBL_MXSFNS_MO40_MGRIPM1_NTn1_NTA0_NTB0_NTC0_NTD0_NTE0_NTMXSA0_NTMXSB0_NTM0_NTWS0_NVn1_NVA0_NVB0_NVC0_NVD0_NVE0_NVMXSA0_NVMXSB0_NVM0_NVWS0_NEPBS0_NLCA1_NLCB2_ONLL1_PGR1_PLR1_PKA0_SGROB0_SIA3_SS1_SPO0_SRVW0_SSO0_SVW1_SK0_SKFTR0_SKXCCM0_SIP1_SGRO0_TDMI0_TDMS0_TIN0_THn1_THA0_THB0_THC0_THD0_THE0_THMXSA0_THMXSB0_THM0_THWS0_TLDS1_TLDSM1_ULSGRO0_USL1_USLMX0_UIOFGRO0_UPLRP0_USFGROn1_USI0_VSn1_VWA1_VWB1_WSGRA0_WSGRB0_WS32_WG16_2_1",40,325921,8148.025000,1.713e-03,7360,16200,2075.909346
"Cijk_Ailk_Bljk_BBS_BH_Bias_HA_S_SAV_UserArgs_MT64x64x32_MI16x16x1_SN_LDSB0_AFC1_AG0_AFEM1_AFEM1_ASEM1_CB0_CD1_1_CLR1_CADS0_DTLA0_DTLB0_DTLM0_DTVA1_DTVB0_DTVMXSA0_DTVMXSB0_DTVSM0_DPLB0_EPS1_ELFLR0_EMLLn1_FDSI0_GRPM1_GRVWA8_GRVWB8_GSUAMB_GLS0_HPLR0_ISA1201_ICIW0_IU1_K1_LDSTI0_LBSPPA0_LBSPPB128_LBSPPMXSA0_LBSPPMXSB0_LBSPPM0_LPA0_LPB16_LPMXSA0_LPMXSB0_LPM0_LRVW8_LWPMn1_MIAV1_MIWT2_2_MXLIBL_MXSFNS_MO40_MGRIPM1_NTn1_NTA0_NTB0_NTC0_NTD0_NTE0_NTMXSA0_NTMXSB0_NTM0_NTWS0_NVn1_NVA0_NVB0_NVC0_NVD0_NVE0_NVMXSA0_NVMXSB0_NVM0_NVWS0_NEPBS0_NLCA2_NLCB1_ONLL0_PGR1_PLR1_PKA0_SGROB0_SIA3_SS0_SPO0_SRVW0_SSO0_SVW8_SK0_SKFTR0_SKXCCM0_SIP1_SGRO0_TDMI0_TDMS0_TIN0_THn1_THA0_THB0_THC0_THD0_THE0_THMXSA0_THMXSB0_THM0_THWS0_TLDS1_TLDSMn1_ULSGRO0_USL1_USLMX0_UIOFGRO0_UPLRP0_USFGROn1_USI0_VSn1_VWA1_VWB2_WSGRA0_WSGRB0_WS32_WG32_4_1",8,308041,38505.125000,1.619e-03,37720,43400,1978.795841
"batched_transpose_16x16_half",80,297041,3713.012500,1.561e-03,3120,9280,1076.846868
"trampoline_kernel",80,254643,3183.037500,1.338e-03,2680,13600,1665.978349
"batched_transpose_4x256_half",136,244003,1794.139706,1.282e-03,1360,6760,818.383829
"batched_transpose_32x64_pack_2x4_ediv_1x2_half",88,231002,2625.022727,1.214e-03,1840,11361,1154.311169
"compute_cuda_kernel",80,186161,2327.012500,9.782e-04,1600,7000,1434.171692
"count_and_sort_expert_tokens_kernel",40,172323,4308.075000,9.055e-04,3920,6680,571.211820
"batched_transpose_256x4_half",72,160404,2227.833333,8.428e-04,1680,3000,282.904105
"indexSelectSmallIndex",40,105321,2633.025000,5.534e-04,2400,3840,283.345172
"_scatter_gather_elementwise_kernel",40,90720,2268.000000,4.767e-04,1800,11960,1587.081178
"Cijk_Ailk_Bljk_BBS_BH_Bias_HA_S_SAV_UserArgs_MT64x64x32_MI16x16x1_SN_LDSB0_AFC1_AG0_AFEM1_AFEM1_ASEM32_CB0_CD1_1_CLR0_CADS0_DTLA0_DTLB0_DTLM0_DTVA0_DTVB1_DTVMXSA0_DTVMXSB0_DTVSM0_DPLB0_EPS0_ELFLR0_EMLLn1_FDSI0_GRPM1_GRVWA8_GRVWB8_GSUAMB_GLS0_HPLR0_ISA1201_ICIW0_IU1_K1_LDSTI0_LBSPPA1024_LBSPPB0_LBSPPMXSA0_LBSPPMXSB0_LBSPPM0_LPA16_LPB0_LPMXSA0_LPMXSB0_LPM0_LRVW8_LWPMn1_MIAV1_MIWT2_2_MXLIBL_MXSFNS_MO40_MGRIPM1_NTn1_NTA0_NTB0_NTC0_NTD0_NTE0_NTMXSA0_NTMXSB0_NTM0_NTWS0_NVn1_NVA0_NVB0_NVC0_NVD0_NVE0_NVMXSA0_NVMXSB0_NVM0_NVWS0_NEPBS0_NLCA1_NLCB2_ONLL1_PGR2_PLR1_PKA0_SGROB0_SIA3_SS0_SPO0_SRVW0_SSO0_SVW8_SK0_SKFTR0_SKXCCM0_SIP1_SGRO0_TDMI0_TDMS0_TIN0_THn1_THA0_THB0_THC0_THD0_THE0_THMXSA0_THMXSB0_THM0_THWS0_TLDS1_TLDSM1_ULSGRO0_USL1_USLMX0_UIOFGRO0_UPLRP0_USFGROn1_USI0_VSn1_VWA1_VWB1_WSGRA0_WSGRB0_WS32_WG32_4_1",8,87000,10875.000000,4.571e-04,8400,18680,3523.987190
"batched_transpose_64x32_pack_4x2_ediv_2x1_half",24,68800,2866.666667,3.615e-04,2000,8480,1392.035315
"__amd_rocclr_fillBufferAligned",6,67720,11286.666667,3.558e-04,1920,31560,11771.053762
"batched_transpose_32x64_pack_2x4_ediv_2x4_half",32,54480,1702.500000,2.863e-04,1480,2400,239.556041
"batched_transpose_64x32_pack_4x2_ediv_4x2_half",16,32800,2050.000000,1.723e-04,1840,2920,261.074702
"batched_transpose_64x64_pack_4x4_ediv_2x2_half",8,21801,2725.125000,1.146e-04,2200,5521,1140.062083
